[{
    "plantId": 1,
    "plantName": "Cactus"
  },
  {

    "plantId": 2,
    "plantName": "Chamomile"
  },
  {

    "plantId": 3,
    "plantName": "Parsley"
  },
  {

    "plantId": 4,
    "plantName": "Mint"
  },
  {
    "plantId": 5,
    "plantName": "Dill"
  },
  {
    "plantId": 6,
    "plantName": "Basil"
  },
  {
    "plantId": 7,
    "plantName": "Sage"
  },
  {
    "plantId": 8,
    "plantName": "Rosemary"
  },
  {
    "plantId": 9,
    "plantName": "Thyme"
  },
  {
    "plantId": 10,
    "plantName": "Cilantro"
  },
  {
    "plantId": 11,
    "plantName": "Fennel"
  },
  {
    "plantId": 12,
    "plantName": "Tarragon"
  },
  {
    "plantId": 13,
    "plantName": "Lavender"
  },
  {
    "plantId": 14,
    "plantName": "Peppermint"
  },
  {
    "plantId": 15,
    "plantName": "Pothos"
  }
]
