[{"tradeId": 1, "plantId": 1, "plantName": "Cactus", "requestedPlant": 3, "releaseDate": "22-05-15T10:00:00.782Z", "description": "I want parsly :)", "imageUrl": "https://images.unsplash.com/photo-1554631221-f9603e6808be?ixlib=rb-1.2.1&ixid=MnwxMjA3fDB8MHxwaG90by1wYWdlfHx8fGVufDB8fHx8&auto=format&fit=crop&w=387&q=80", "status": ""}, {"tradeId": 2, "plantId": 2, "plantName": "tall chamomile", "requestedPlant": 1, "releaseDate": "22-05-15T10:00:00.782Z", "description": " lovely chamomile!", "imageUrl": "https://www.thespruce.com/thmb/Q14Jr6x2pIDjcCxT-6e17aMSsig=/4090x2301/smart/filters:no_upscale()/how-to-grow-chamomile-1402627-02-crop-9b5069a36d234b089b4a8d51be686493.jpg", "status": ""}]