    [{
        "tradeId": 11,
        "plantId": 1,
        "plantName": "Cactus",
        "requestedPlant": "Lueiza",
        "releaseDate":"2022-01-01T08:00:00.782Z",
        "imageUrl": "/assets/cactus.png",
        "status": "pending"
      },
      {
        "tradeId": 22,
        "plantId": 2,
        "plantName": "Chamomile",
        "requestedPlant": "Verbena",
        "releaseDate":"2021-01-02T09:00:00.782Z",
        "imageUrl": "/assets/chamomile.png",
        "status": "pending"
      },
      {
        "tradeId": 33,
        "plantId": 3,
        "plantName": "Parsley",
        "requestedPlant": "Verbena",
        "releaseDate":"2021-09-20T10:00:00.782Z",
        "imageUrl": "/assets/parsley.png",
        "status": "pending"
      },
      {
        "tradeId": 44,
        "plantId": 4,
        "plantName": "Mint",
        "requestedPlant": "Verbena",
        "releaseDate":"2021-09-18T11:00:00.782Z", 
        "imageUrl": "/assets/mint.png",
        "status": "pending"
      },
      {
        "tradeId": 55,
        "plantId": 5,
        "plantName": "Dill",
        "requestedPlant": "Verbena",
        "releaseDate":"2022-03-12T12:00:00.782Z",
        "imageUrl": "/assets/dill.png",
        "status": "pending"
      },
      {
        "tradeId": 66,
        "plantId": 6,
        "plantName": "Basil",
        "requestedPlant": "Verbena",
        "releaseDate":"2022-03-13T13:00:00.782Z",
        "imageUrl": "/assets/basil.png",
        "status": "pending"
      },
      {
        "tradeId": 77,
        "plantId": 7,
        "plantName": "Sage",
        "requestedPlant": "Verbena",
        "releaseDate":"2022-03-12T14:00:00.782Z",
        "imageUrl": "/assets/sage.png",
        "status": "pending"
      },
      {
        "tradeId": 88,
        "plantId": 8,
        "plantName": "Rosemary",
        "requestedPlant": "Verbena",
        "releaseDate":"2022-03-16T15:00:00.782Z",
        "imageUrl": "/assets/rosemary.png",
        "status": "pending"
      },
      {
        "tradeId": 99,
        "plantId": 9,
        "plantName": "Thyme",
        "requestedPlant": "Verbena",
        "releaseDate":"2022-02-26T16:00:00.782Z",
        "imageUrl": "/assets/thyme.png",
        "status": "pending"
      },
      {
        "tradeId": 1010,
        "plantId": 10,
        "plantName": "Cilantro",
        "requestedPlant": "Verbena",
        "releaseDate":"2022-01-25T12:17:00.782Z",
        "imageUrl": "/assets/cilantro.png",
        "status": "pending"
      },
      {
        "tradeId": 1111,
        "plantId": 11,
        "plantName": "Fennel",
        "requestedPlant": "Verbena",
        "releaseDate":"2022-03-10T18:00:00.782Z",
        "imageUrl": "/assets/fennel.png",
        "status": "pending"
      },
      {
        "tradeId": 1212,
        "plantId": 12,
        "plantName": "Tarragon",
        "requestedPlant": "Verbena",
        "releaseDate":"2022-02-18T19:00:00.782Z",
        "imageUrl": "/assets/tarragon.png",
        "status": "pending"
      },
      {
        "tradeId": 1313,
        "plantId": 13,
        "plantName": "Lavender",
        "requestedPlant": "Verbena",
        "releaseDate": "2022-01-18T12:00:00.782Z",
        "imageUrl": "/assets/lavender.png",
        "status": "pending"
      },
      {
        "tradeId": 1414,
        "plantId": 14,
        "plantName": "Peppermint",
        "requestedPlant": "Verbena",
        "releaseDate": "2022-02-19T20:00:00.782Z",
        "imageUrl": "/assets/peppermint.png",
        "status": "pending"
      }
    ]
