[{
    "tradeId": 11,
    "plantId": 1,
    "plantName": "Cactus",
    "requestedPlant": "Lueiza",
    "releaseDate":"2022-01-01T08:00:00.782Z",
    "description": "this is Cactus",
    "imageUrl": "",
    "status": "pending"
  },
  {
    "tradeId": 22,
    "plantId": 2,
    "plantName": "Chamomile",
    "requestedPlant": "Verbena",
    "releaseDate":"2021-01-02T09:00:00.782Z",
    "description": "this is Chamomile",
    "imageUrl": "",
    "status": "pending"
  },
  {
    "tradeId": 33,
    "plantId": 3,
    "plantName": "Parsley",
    "requestedPlant": "Verbena",
    "releaseDate":"2021-09-20T10:00:00.782Z",
    "description": "this is Parsley",
    "imageUrl": "",
    "status": "pending"
  }
]