[
    {
        "plantName": "Cactus",
        "hoursOfLight": 8,
        "waterFrequency": 7,
        "temperature": 30
    },
    {
        "plantName": "Pothos",
        "hoursOfLight": 12,
        "waterFrequency": 7,
        "temperature": 30
    },
    {
        "plantName": "Chamomile",
        "hoursOfLight": 11,
        "waterFrequency": 7,
        "temperature": 29
    },
    {
        "plantName": "Parsley",
        "hoursOfLight": 13,
        "waterFrequency": 14,
        "temperature": 31
    },
    {
        "plantName": "Mint",
        "hoursOfLight": 9,
        "waterFrequency": 17,
        "temperature": 28
    },
    {
        "plantName": "Dill",
        "hoursOfLight": 6,
        "waterFrequency": 12,
        "temperature": 20
    },
    {
        "plantName": "Basil",
        "hoursOfLight": 3,
        "waterFrequency": 7,
        "temperature": 30
    },
    {
        "plantName": "Sage",
        "hoursOfLight": 9,
        "waterFrequency": 10,
        "temperature": 20
    },
    {
        "plantName": "Rosemary",
        "hoursOfLight": 12,
        "waterFrequency": 17,
        "temperature": 33
    },
    {
        "plantName": "Thyme",
        "hoursOfLight": 16,
        "waterFrequency": 9,
        "temperature": 32
    },
    {
        "plantName": "Cilantro",
        "hoursOfLight": 16,
        "waterFrequency": 30,
        "temperature": 31
    },
    {
        "plantName": "Fennel",
        "hoursOfLight": 15,
        "waterFrequency": 10,
        "temperature": 23
    },
    {
        "plantName": "Tarragon",
        "hoursOfLight": 12,
        "waterFrequency": 14,
        "temperature": 22
    },
    {
        "plantName": "Lavender",
        "hoursOfLight": 12,
        "waterFrequency": 20,
        "temperature": 25
    },
    {
        "plantName": "Peppermint",
        "hoursOfLight": 6,
        "waterFrequency": 4,
        "temperature": 15
    }
]